INSERT INTO `ysh_bill` (`bill_id`, `house_id`, `room_price`, `room_description`) VALUES
(1, 1, '55', NULL),
(2, 2, '65', NULL),
(3, 3, '72', NULL),
(4, 4, '55', NULL),
(5, 5, '63-65', NULL),
(6, 6, '75', 'Room with ensuite'),
(7, 6, '70', 'Room without ensuite'),
(8, 7, '60-65', NULL);

INSERT INTO `ysh_description` (`house_id`, `house_address`, `type`, `description`, `rented`) VALUES
(1, '22 Kyme Street', '3/4-Bedroom End-Terraced House', 'Located inside the City Walls, this is really close to the town centre. This house has 4 bedrooms but we will rent to groups of 3 or 4.', 0),
(2, '23 Moss Street', '4-Bedroom Terraced House', 'Really close to train station and town centre, just off Micklegate. Frequent Number 4 bus route direct to University from top of street.', 0),
(3, '25 Lamel Street', 'Recently Modernised 6-Bedroom Semi-Detached House', 'Located near Hull Road, this property is really close to the University and the City Centre.', 0),
(4, '52 Moss Street', '5-Bedroom Terraced House', 'Really close to train station and town centre, just off Micklegate. Frequent Number 4 bus route direct to University from top of street.', 0),
(5, '54 Trafalgar Street', 'Fully Modernised 4-Bedroom Terraced House', 'Located in the South Bank area of York, this property is really close to the College of Law and has easy access to the University of York via the Millennium Bridge by foot or bike.', 0),
(6, '74 Eldon Street', 'Modern 5-Bedroom House', 'Located in The Groves, Ideal for Ripon St John College. Close to the town centre with views of the Minster.', 0),
(7, '88 Queen Victoria Street', '4-Bedroom Terraced House', 'Located in the South Bank area of York, this property is really close to the College of Law and has easy access to the University of York via the Millennium Bridge by foot or bike.', 0);

INSERT INTO `ysh_feature` (`feature_id`, `house_id`, `feature`) VALUES 
(58, 7, 'Fully fitted kitchen with cooker, fridge/freezer, tumble dryer and washing machine'),
(5, 1, 'Free parking space for one car'),
(3, 1, 'Spacious open plan lounge/kitchen/dining room'),
(4, 1, 'Kitchen equipped with cooker, fridge/freezer and washing machine'),
(6, 2, 'Fully renovated in 2007'),
(7, 2, 'All bedrooms good size with desks, TV points and plenty of storage space'),
(8, 2, 'Fully centrally heated, with new efficient condensing combi boiler and uPVC double-glazed windows'),
(9, 2, '2 luxury house shower rooms with shower, toilet and sink in each'),
(10, 2, 'Modern fully fitted dining kitchen with fridge/freezer, washing machine, tumble dryer and cooker'),
(11, 2, 'Good-sized lounge off kitchen'),
(12, 2, 'Back yard for storage of bikes'),
(22, 3, 'Plenty of free road-side parking'),
(21, 3, 'Secure storage for bikes and off-road parking for 1 car'),
(20, 3, 'Lounge with sofa and TV point'),
(19, 3, 'Fully fitted kitchen with fridge/freezer, washing machine, tumble dryer, cooker, dining table and chairs'),
(18, 3, 'Extra toilet (toilet and sink only)'),
(17, 3, 'Shower room with shower, toilet and sink'),
(16, 3, 'House bathroom with bath, shower over bath, toilet and sink'),
(13, 3, 'All bedrooms good size with sinks, desks, TV points, safes and plenty of storage space'),
(14, 3, 'Fully centrally heated'),
(15, 3, 'uPVC double-glazed windows'),
(25, 4, 'All bedrooms include desks, TV points and storage facilities'),
(26, 4, 'Fully centrally heated'),
(27, 4, 'House bathroom with bath, shower over bath, toilet and sink'),
(28, 4, 'Separate shower room with shower, toilet and sink'),
(29, 4, 'Lounge/dining area leading to kitchen'),
(30, 4, 'Fully fitted kitchen with cooker, fridge/freezer and washing machine'),
(36, 5, 'Modern fully fitted kitchen with fridge/freezer, washing machine, tumble dryer and cooker'),
(35, 5, 'En-suite toilet to largest bedroom'),
(34, 5, 'Luxury house shower room with shower, toilet and sink'),
(33, 5, 'Fully centrally heated with uPVC double-glazed windows'),
(32, 5, 'All bedrooms good size with desks, TV points and plenty of storage space'),
(31, 5, 'Fully renovated in 2006'),
(24, 3, 'Registered [abbr=House in Multiple Occupation][url=http://www.york.gov.uk/housing/hmo/]HMO[/url][/abbr] with [url=http://www.york.gov.uk/]York City Council[/url]'),
(23, 3, 'Gravelled patio garden to rear'),
(50, 6, 'Registered [abbr=House in Multiple Occupation][url=http://www.york.gov.uk/housing/hmo/]HMO[/url][/abbr] with [url=http://www.york.gov.uk/]York City Council[/url]'),
(45, 6, 'Utility room with washer and tumble dryer'),
(46, 6, 'Balcony to rear of kitchen with stairs leading to back yard'),
(47, 6, 'Garage parking for 1 car and bikes'),
(57, 7, 'Lounge with dining facilities'),
(56, 7, 'House bathroom with shower, toilet and sink'),
(55, 7, 'uPVC double glazed windows and doors'),
(54, 7, 'Fully centrally heated'),
(53, 7, 'One bedroom with en-suite bathroom, one bedroom with en-suite toilet'),
(52, 7, '4 good-sized bedrooms all including desks and storage facilities'),
(51, 7, 'Fully renovated in 2006'),
(1, 1, '3/4 bedrooms with desks, TV points and storage - 2 bedrooms with sinks'),
(59, 7, 'Back yard for storage of bikes'),
(60, 7, 'Free parking on street at front of house'),
(37, 5, 'Large lounge/dining area off kitchen'),
(38, 5, 'Secure back yard with locked storage for bikes'),
(39, 5, 'Free on-street parking'),
(49, 6, 'Hard-wired fire alarm system throughout house'),
(48, 6, 'Burglar alarm system'),
(43, 6, 'Fully central-heated with double-glazed windows'),
(44, 6, 'Modern kitchen with fridge/freezer, dishwasher, cooker and hob, dining table and chairs'),
(2, 1, 'House bathroom with bath, shower over bath, toilet and sink'),
(40, 6, 'All large rooms with desks, TV points and plenty of storage space'),
(41, 6, 'Two bedrooms have en-suite bathrooms'),
(42, 6, 'House bathroom with separate toilet');